marca,categoria,categoria_sorteada,ordem_no_sorteio,cnpj,situacao,motivo,unidade,fundo,matiz,familia_do_titulo,raio,densidade,botao,fundo_hex,destaque_hex,familia_generica,raio_px,densidade_blocos,url,data,sha256_captura,arquivo_wayback,escada
K1 Capital Humano,consultoria_cvm,consultoria_cvm,1,35.351.119/0001-93,classificada,,site,claro,celeste,sem_serifa,reto,baixa,vazado,#f2f5f6,#0a223a,sans-serif,0,7,https://k1planejamento.com.br/,2026-10-04,bbaaf5ab105afe35b517ac33c0e9bbb84d5d7195d600a6678f57c01ad0cde8fd,PENDENTE_LOCAL,
Highpar Wealth Solutions,consultoria_cvm,consultoria_cvm,2,62.524.099/0001-88,pulada,"sem_marca: pagina de manutencao ('Site under maintenance', HTTP 503) em 04/10/2026",,,,,,,,,,,,,https://wealth.highpar.com.br/,2026-10-04,fd9f5b5369e2cea21cea9add481bb9f9f59ea9557f9ea5ea4f1405e9d19cb53a,,
Montclair Advisory,consultoria_cvm,consultoria_cvm,3,62.420.374/0001-13,classificada,,site,claro,neutro,serifa,reto,media,cheio,#ffffff,#ffffff,serif,2,9,https://www.montclairadvisory.com.br/,2026-10-04,e1bb222f83ff3532a1b40a9a08cac970d62e420190afbdf973c50de4c089ff17,PENDENTE_LOCAL,
Merotto Consultoria,consultoria_cvm,consultoria_cvm,4,54.084.093/0001-09,classificada,,site,claro,celeste,sem_serifa,reto,baixa,cheio,#ffffff,#335d85,sans-serif,0,8,https://www.merotto.com.br/,2026-10-04,967744d72612b25ce6f5c3e24bd2316a09140e505bbe6d3895f948a102b1878a,PENDENTE_LOCAL,
Hosken & Cunha Investment,consultoria_cvm,consultoria_cvm,5,67.677.167/0001-62,classificada,,site,claro,celeste,serifa,grande,baixa,cheio,#f8fafc,#0d1c30,serif,9999,6,https://www.hoskencunhainvestment.com/,2026-10-04,2c50f111c19e3219f5d6c165c2f83588bbfbecc45bbf50f4c9314b7a578ef14f,PENDENTE_LOCAL,
Portfel,consultoria_cvm,consultoria_cvm,6,37.576.416/0001-62,classificada,,site,escuro,celeste,sem_serifa,grande,baixa,cheio,#0f1116,#165ed4,sans-serif,55,7,https://portfel.com.br/,2026-10-04,df2bf87a552eeb2a98bcc4a2a89d7e77607d5ec096c34e24f125ba023ad7dfd8,PENDENTE_LOCAL,
Helix Consult,consultoria_cvm,consultoria_cvm,7,44.542.369/0001-00,classificada,,site,escuro,celeste,sem_serifa,pequeno,baixa,cheio,#021226,#3aa1ff,sans-serif,3,6,https://helixconsult.com.br/,2026-10-04,29b6664130ec6ab391d176f103c1da3be74c9055f400db94abc1cd5adad68963,PENDENTE_LOCAL,
Stokos Wealth,consultoria_cvm,consultoria_cvm,8,54.359.541/0001-30,classificada,,site,escuro,verde,sem_serifa,grande,baixa,cheio,#000000,#61ce70,sans-serif,100,8,https://stokoswealth.com/,2026-10-04,0205a921e8e12a4fb0024bff803c1cd59e962f9f46073a675574cd4fbb544260,PENDENTE_LOCAL,
Ripen Consultoria,consultoria_cvm,consultoria_cvm,9,51.182.266/0001-33,classificada,,site,escuro,neutro,sem_serifa,pequeno,baixa,cheio,#1d3139,#ffffff,sans-serif,4,6,https://ripenconsultoria.com.br/,2026-10-04,f755ca28182436ae508e333e08765f52833b2ae7ac665732e3f75fee2c899328,PENDENTE_LOCAL,
WCIA Consultoria,consultoria_cvm,consultoria_cvm,10,68.678.884/0001-71,classificada,,site,claro,laranja,sem_serifa,reto,media,cheio,#e7e7e4,#a8843e,sans-serif,2,9,https://www.wcia-consultoria.com.br/,2026-10-04,a48103a3ee47eaf0566a80597db5679fbc87632548fc367619c50b3861079591,PENDENTE_LOCAL,
Witz Wealth,consultoria_cvm,consultoria_cvm,11,55.674.959/0001-02,classificada,,site,escuro,neutro,sem_serifa,pequeno,baixa,cheio,#0c130b,#ffffff,sans-serif,3,8,https://witzwealth.com/,2026-10-04,db161dfac8d9df91073bca5ed551e4ab135ca3ce04aa0b8b56a3a81ee7dbabe1,PENDENTE_LOCAL,
Vita Investimentos,consultoria_cvm,consultoria_cvm,12,47.595.258/0001-41,pulada,"nao_atende_pf: 'a aceleradora de MFOs e Consultorias'; o servico e para consultorias, nao para a pessoa fisica",,,,,,,,,,,,,https://www.vitainvestimentos.com/,2026-10-04,e2c4a4a4bb6567222c2dc999549199c43b6a463833531d24cf38597a0a5181fc,,
Delfos Investimentos,assessor,assessor,1,10.439.645/0001-89,classificada,,site,escuro,celeste,sem_serifa,reto,media,cheio,#031b39,#1673ef,sans-serif,2,11,https://www.delfosinvestimentos.com.br/,2026-10-04,79174a6797ed7623a4aef13ae4edb5ad8813c8ff2f078fe8820bc9747d4cbe83,PENDENTE_LOCAL,
HGR Investimentos,assessor,assessor,2,15.483.958/0001-58,classificada,,site,escuro,laranja,sem_serifa,reto,alta,vazado,#202020,#dab254,sans-serif,0,16,https://www.hgrinvestimentos.com.br/,2026-10-04,6e11897d0af04d9b7d6630e9de362fdc33c29cea240add062ad837c090fd260d,PENDENTE_LOCAL,
Zunar Investimentos,assessor,assessor,3,43.428.684/0001-30,classificada,,site,claro,celeste,sem_serifa,reto,baixa,vazado,#ffffff,#001f55,sans-serif,0,6,https://zunarinvestimentos.com.br/,2026-10-04,d45e1b8899ea5a6fcdf80728b390fc955516c592c7ff42395f15497bc43b3ac4,PENDENTE_LOCAL,
Open Investimentos,assessor,assessor,4,74.871.641/0001-58,classificada,,site,claro,neutro,sem_serifa,grande,baixa,cheio,#898989,#4d4d4d,sans-serif,30,7,https://www.openinvestimentos.com.br/,2026-10-04,2969bc9e2e358de6f23cf63153ec73025d6d4efe96b09ee6e6b30460ced1686a,PENDENTE_LOCAL,
Latomia,assessor,assessor,5,09.168.994/0001-24,pulada,sem_marca: 'Site em construcao' em 04/10/2026,,,,,,,,,,,,,https://www.latomia.com.br/,2026-10-04,929a92952a5235397d724257f638f95673e2650f1541baadb933926b95d413aa,,
Septem Capital,assessor,assessor,6,40.822.283/0001-71,classificada,,site,claro,laranja,serifa,reto,baixa,vazado,#ffffff,#c5a47e,serif,0,5,https://septemcapital.com.br/,2026-10-04,d4c8c5baed3993b881d262b2ac60137706de8083f7a452696dd5159980167eeb,PENDENTE_LOCAL,
MoneyMark Investimentos,assessor,assessor,7,39.841.914/0001-10,pulada,site_inacessivel: o dominio declarado nao existe (DNS NXDOMAIN),,,,,,,,,,,,,,2026-10-04,,,"1) curl https www, https, http: CONNECT 502 e 'Could not resolve host'; 2) archive.org/wayback/available: ultimo arquivamento 2025-03-22, nao e o site de hoje; 3) dns.google: Status 3 (NXDOMAIN); busca: so LinkedIn e Facebook, nenhum site novo; 4) dominio inexistente nao depende de quem acessa"
Finance Academy,assessor,assessor,8,27.901.865/0001-85,classificada,,site,escuro,neutro,sem_serifa,reto,baixa,vazado,#403c33,#ffffff,sans-serif,0,6,https://www.financademy.com/,2026-10-04,ad81ec1806cd73631e3cb484af7ce21ff39748b94caca9b242c713403c0f30bb,PENDENTE_LOCAL,
Kithera Capital,assessor,assessor,9,48.399.659/0001-99,classificada,,site,claro,celeste,sem_serifa,reto,baixa,cheio,#ffffff,#0098db,sans-serif,1,8,https://kithera.com.br/capital/,2026-10-04,098519cade87dd29dbb5ddb1e5f7be3a78970c0d9f41376628271fdace5d5e2f,PENDENTE_LOCAL,1) o site do cadastro (kitheracapital.com.br) nao resolve; 3) busca: o site atual e kithera.com.br/capital/ (capturado)
MP Investimentos,assessor,assessor,10,43.115.163/0001-22,classificada,,site,claro,laranja,serifa,reto,baixa,cheio,#9d9d9d,#d28c0e,serif,0,7,https://mpinvestimentos.com/,2026-10-04,350be805696ed3f738272a9cb3209e755c1c8d348043aa31c18bc2f7440ffbac,PENDENTE_LOCAL,
Taurus Investimentos,assessor,assessor,11,51.247.748/0001-24,classificada,,site,claro,neutro,sem_serifa,reto,media,cheio,#ffffff,#000319,sans-serif,0,9,https://taurusbr.com.br/,2026-10-04,2b100b598eb3f5e71208b0def88771fceaf824bc895c4df28f547d67369c5c32,PENDENTE_LOCAL,
Monetae Investimentos,assessor,assessor,12,21.351.969/0001-87,classificada,,site,claro,celeste,sem_serifa,pequeno,media,cheio,#ffffff,#002657,sans-serif,8,11,https://monetae.com.br/,2026-10-04,b156beeda84509918bfbe4833e1da37c05c1e199053c577f7ebbef69819119ac,PENDENTE_LOCAL,
RX Asset,gestora_e_private,gestora_e_private,1,62.390.184/0001-09,classificada,,site,escuro,verde_agua,sem_serifa,reto,baixa,vazado,#0e2a24,#1fa67a,sans-serif,0,5,https://rxasset.com.br/,2026-10-04,dbf9db3563e6bf341adde2f44c1c1c2193fe64da25b341fc1a650738110e6a23,PENDENTE_LOCAL,
Nikos Gestao,gestora_e_private,gestora_e_private,2,52.906.220/0001-82,classificada,,site,escuro,ciano,sem_serifa,reto,media,vazado,#174541,#174541,sans-serif,0,9,https://nikosgestao.com.br/,2026-10-04,21413e67ec5b29a0bf7f513a60b90ff3e6b2eac19a2369fab024f5660622a1d5,PENDENTE_LOCAL,
XP Gestao de Recursos,gestora_e_private,gestora_e_private,3,07.625.200/0001-89,pulada,site_inacessivel: HTTP 403 'A sua requisicao foi bloqueada' para o IP da nuvem (EUA). AGUARDA DEGRAU 4,,,,,,,,,,,,,https://www.xpgestao.com.br/,2026-10-04,bbb16b6b90fcf6b81fd108eebefe818b75e83456d2d630ed371d6804e5915d3f,,"1) Chromium e curl: 403 da CDN da XP; 4) pendente: captura na maquina dele, IP brasileiro. Se abrir, a linha passa a classificada e a amostra se refaz pela ordem"
Ativore Asset Management,gestora_e_private,gestora_e_private,4,33.754.914/0001-05,pulada,"nao_atende_pf: 'U.S. real estate private equity', 'serving global investors' (private equity, estrangeiro)",,,,,,,,,,,,,https://ativore.com/ativoreasset/,2026-10-04,2ed42c91d52a9236ec3fe6321f5672e11be1fc6357c70cd2e6e324a3667b51f8,,
Book Capital,gestora_e_private,gestora_e_private,5,59.684.998/0001-33,classificada,,site,escuro,verde_agua,serifa,reto,baixa,vazado,#040407,#14ff9d,serif,0,5,https://www.bookcapital.com.br/,2026-10-04,149949b9a628c43ba28d252252a678e2d3cb718c4bf52ac7e0ce177b426ff199,PENDENTE_LOCAL,
Hedge Investments,gestora_e_private,gestora_e_private,6,21.610.424/0001-48,classificada,,site,claro,celeste,sem_serifa,reto,media,vazado,#eaeaea,#004063,sans-serif,0,9,https://www.hedgeinvest.com.br/,2026-10-04,bf2bad6859bea39a43a0ba63f021e8c8e67f192d71d0e14c480db27547151451,PENDENTE_LOCAL,
Merito DTVM,gestora_e_private,gestora_e_private,7,41.592.532/0001-42,pulada,site_inacessivel: verificacao 'confirme que e humano' (Cloudflare) para o IP da nuvem. AGUARDA DEGRAU 4,,,,,,,,,,,,,https://www.meritodtvm.com.br/,2026-10-04,37026c88b1644ba85a2b4cab44ad720db1045327f0f6ddf31ae69817aa195cc7,,1) Chromium: pagina de verificacao da Cloudflare; contornar verificacao e proibido; 4) pendente: maquina dele
Sameside,gestora_e_private,gestora_e_private,8,28.501.790/0001-08,classificada,,site,escuro,celeste,sem_serifa,reto,baixa,vazado,#284056,#284056,sans-serif,0,6,https://sameside.com.br/,2026-10-04,0fc9789640dc234cd8bbd6b33a532b7acdd3a537f53457220029d16a8de395b8,PENDENTE_LOCAL,
Kuara Capital,gestora_e_private,gestora_e_private,9,41.179.663/0001-00,pulada,nao_atende_pf: estrategias 'estruturadas em FIDC/FIDC-NP e FIP' (veiculos restritos),,,,,,,,,,,,,https://kuaracapital.com/,2026-10-04,2634b82ab078a8c6eedeb526b2d28d120e36905e5a7d2dcc2f1ea3baec36a447,,
BREI,gestora_e_private,gestora_e_private,10,14.744.231/0001-14,pulada,"site_inacessivel: 'Sorry, you have been blocked' (Cloudflare) para o IP da nuvem. AGUARDA DEGRAU 4",,,,,,,,,,,,,https://brei.com.br/,2026-10-04,1a2b319e0c0e2efbfef4df3468c2b9cd0abcd11baa9b534bf678db765cd7f08f,,1) Chromium: bloqueio da Cloudflare; 4) pendente: maquina dele
2S Capital,gestora_e_private,gestora_e_private,11,49.524.442/0001-26,classificada,,site,claro,celeste,sem_serifa,reto,baixa,vazado,#ffffff,#013169,sans-serif,0,4,https://www.2scapital.com/,2026-10-04,655f448e8bd65f2bd1cec480561d6edf69e528875623eaa09a35c0ac4af183f7,PENDENTE_LOCAL,
Amary Capital,gestora_e_private,gestora_e_private,12,40.105.252/0001-08,classificada,,site,claro,celeste,serifa,reto,baixa,vazado,#a6e1ff,#a6e1ff,serif,0,7,https://www.amarycapital.com.br/,2026-10-04,4ff6b70097b785338c77a01ec9fc0f5f877a870eafd3b35c7083913b2b295808,PENDENTE_LOCAL,
Valora Investimentos,gestora_e_private,gestora_e_private,13,17.482.086/0001-39,classificada,,site,claro,celeste,sem_serifa,reto,media,vazado,#ffffff,#1c334a,sans-serif,0,12,https://valorainvest.com.br/,2026-10-04,a8d4e07523fc4e78bf0d0401ae109f6881e0201bb3f264a91445ea7264fe7877,PENDENTE_LOCAL,
Onze,gestora_e_private,gestora_e_private,14,34.008.311/0001-19,classificada,,app,claro,rosa,sem_serifa,grande,media,cheio,#ffffff,#331f2c,sans-serif,12,14,https://apps.apple.com/br/app/onze/id1519138919,2026-10-04,6d3f6f2b6292f91c32767689de14b1c6b5eb5def77c2cdd9d1239401a392b8f6,PENDENTE_LOCAL,
Avalon Asset,gestora_e_private,gestora_e_private,15,47.952.345/0001-09,classificada,,site,claro,laranja,sem_serifa,reto,baixa,vazado,#ffffff,#644f3d,sans-serif,0,2,https://avalonasset.com.br/,2026-10-04,a5afdeefcbf208f7d4631e5787b67f4fe8a1db6e46f21bba2697318748892139,PENDENTE_LOCAL,
MyCAP,corretora,corretora,1,09.105.360/0001-22,classificada,,app,claro,neutro,sem_serifa,pequeno,media,cheio,#fcfcfc,#fcfcfc,sans-serif,4,15,https://apps.apple.com/br/app/mycap-power-broker/id1510570429,2026-10-04,12128e3ee1da5a3765ba913c4125bfd862fc70fb5ada111c0b5af0d65ca0a824,PENDENTE_LOCAL,
Bradesco BBI,corretora,corretora,2,61.855.045/0001-32,pulada,"nao_atende_pf: banco de investimento ('originar, estruturar e executar operacoes', M&A, mercado de capitais)",,,,,,,,,,,,,https://bradescobbi.com.br/home,2026-10-04,f7e3a7657d0aa7cf1ba052937bb1715ee0815c3ab9b7f3acb7543fb66b6e31d4,,
Merito DTVM,corretora,corretora,3,41.592.532/0001-42,pulada,site_inacessivel: verificacao da Cloudflare para o IP da nuvem. AGUARDA DEGRAU 4 (o mesmo dominio da gestora_e_private 7),,,,,,,,,,,,,https://www.meritodtvm.com.br/,2026-10-04,5ef348944c459e7b8b86cd94e40a766be46fc2cbb2ed89ff12b3f79114f785d8,,1) Chromium: pagina de verificacao; 4) pendente: maquina dele
Morgan Stanley,corretora,corretora,4,04.323.351/0001-94,pulada,"site_inacessivel: 'upstream request failed' (502 do proxy da nuvem), em duas tentativas. AGUARDA DEGRAU 4",,,,,,,,,,,,,https://www.morganstanley.com.br/,2026-10-04,8567acd29b486b46f23f516d1f420a42d97ab9e68835c578447c82690b946767,,1) curl: 200 com e sem www; Chromium: 502 do proxy em 45 s e em 90 s; 4) pendente: maquina dele
Oliveira Trust,corretora,corretora,5,36.113.876/0001-91,fora_do_livro,"agente fiduciario, administracao e escrituracao: atividade sem categoria no livro (ac-a, ad-a)",,,,,,,,,,,,,https://www.oliveiratrust.com.br/,2026-10-04,e184872f7f553cc242cdc542cbcf8072dd4807a32a8272df5b91f27a820244bf,,
Azimut Brasil Wealth Management,gestora_e_private,corretora,6,18.684.408/0001-95,classificada,,site,claro,celeste,sem_serifa,reto,media,vazado,#f2f0f0,#085a91,sans-serif,0,9,http://www.azimutbrasil.com.br/AZWEALTH/,2026-10-04,9c336fd4c01aab41eed4b38072cc01d1f6105b20e7e81a9022fcf547c779358d,PENDENTE_LOCAL,
Deboni,corretora,corretora,7,77.162.881/0001-71,fora_do_livro,casa de cambio ('Sua casa de cambio ha 48 anos'): atividade sem categoria no livro,,,,,,,,,,,,,https://www.debonicambio.com.br/,2026-10-04,35f721bab4d9416b47c7a1543c637b8215cb19988033e45cde12a8123c972776,,
Ebadival,corretora,corretora,8,89.784.367/0001-57,fora_do_livro,casa de cambio (cotacoes de moeda): atividade sem categoria no livro,,,,,,,,,,,,,https://www.ebadival.com.br/,2026-10-04,160c8125722005c6ca25c03b3f9b5289731a144cd58f910ac4bcbd6587459577,,
4UM Investimentos,gestora_e_private,corretora,9,76.621.457/0001-85,classificada,,site,escuro,lima,sem_serifa,grande,media,cheio,#000000,#8cc63f,sans-serif,30,11,https://www.4um.com.br/,2026-10-04,eee800446b38e6641dd9c58c71e19b0a24bb68352d10f89965e4d81b06cf65a7,PENDENTE_LOCAL,
Santander DTVM (Pi),corretora,corretora,10,03.502.968/0001-04,pulada,site_inacessivel: o dominio declarado (invistacompi.com.br) nao existe (DNS NXDOMAIN),,,,,,,,,,,,,,2026-10-04,,,1) curl: CONNECT 502 e 'Could not resolve host'; 2) archive.org/wayback/available: ultimo arquivamento 2022-01-08; 3) dns.google: Status 3 (NXDOMAIN); 4) dominio inexistente nao depende de quem acessa
Guru CTVM,corretora,corretora,11,57.707.777/0001-08,classificada,,site,claro,celeste,serifa,reto,baixa,vazado,#f7f8f5,#0a2540,serif,0,4,https://www.guructvm.com.br/,2026-10-04,9d6a310ac6c3273a193fafcab280c3043faa0300f6d5d5d5e50c5d2a3c9f0fd7,PENDENTE_LOCAL,
Vitreo,corretora,corretora,12,34.711.571/0001-56,pulada,site_inacessivel: vitreo.com.br sem endereco no DNS (sem registro A) e www NXDOMAIN,,,,,,,,,,,,,,2026-10-04,,,"1) curl: CONNECT 502 e 'Could not resolve host'; 2) archive.org/wayback/available: ultimo arquivamento 2023-12-14; 3) dns.google: sem resposta A; busca: so a central de atendimento (atendimento.vitreo.com.br), nenhum site da marca; 4) dominio sem endereco nao depende de quem acessa"
